<?xml version="1.0" encoding="UTF-8"?>
<project version="4">
  <component name="AutoImportSettings">
    <option name="autoReloadType" value="SELECTIVE" />
  </component>
  <component name="ChangeListManager">
    <list default="true" id="697932b9-cd2c-4f85-9927-f145261c5a97" name="Changes" comment="Sign-up page updated">
      <change afterPath="$PROJECT_DIR$/.idea/libraries/activation_1_1.xml" afterDir="false" />
      <change afterPath="$PROJECT_DIR$/.idea/libraries/javax_mail_1_6_2.xml" afterDir="false" />
      <change afterPath="$PROJECT_DIR$/.idea/libraries/jstl.xml" afterDir="false" />
      <change afterPath="$PROJECT_DIR$/.idea/uiDesigner.xml" afterDir="false" />
      <change afterPath="$PROJECT_DIR$/SE/src/com/main/java/EmailServlet.java" afterDir="false" />
      <change afterPath="$PROJECT_DIR$/SE/src/main/java/AddItemSer.java" afterDir="false" />
      <change afterPath="$PROJECT_DIR$/SE/src/main/java/Database.java" afterDir="false" />
      <change afterPath="$PROJECT_DIR$/SE/src/main/java/FeedbackServlet.java" afterDir="false" />
      <change afterPath="$PROJECT_DIR$/SE/src/main/java/LoginServlet.java" afterDir="false" />
      <change afterPath="$PROJECT_DIR$/SE/src/main/java/SignServlet.java" afterDir="false" />
      <change afterPath="$PROJECT_DIR$/SE/src/main/java/workspace.xml" afterDir="false" />
      <change afterPath="$PROJECT_DIR$/SE/src/main/resources/application.properties" afterDir="false" />
      <change afterPath="$PROJECT_DIR$/SE/src/main/webapp/Admin-email.jsp" afterDir="false" />
      <change beforePath="$PROJECT_DIR$/.idea/misc.xml" beforeDir="false" afterPath="$PROJECT_DIR$/.idea/misc.xml" afterDir="false" />
      <change beforePath="$PROJECT_DIR$/SE/.gitignore" beforeDir="false" afterPath="$PROJECT_DIR$/SE/src/.gitignore" afterDir="false" />
      <change beforePath="$PROJECT_DIR$/SE/pom.xml" beforeDir="false" afterPath="$PROJECT_DIR$/SE/pom.xml" afterDir="false" />
      <change beforePath="$PROJECT_DIR$/SE/src/main/java/main/java/AddItemSer.java" beforeDir="false" />
      <change beforePath="$PROJECT_DIR$/SE/src/main/java/main/java/Database.java" beforeDir="false" />
      <change beforePath="$PROJECT_DIR$/SE/src/main/java/main/java/FeedbackServlet.java" beforeDir="false" />
      <change beforePath="$PROJECT_DIR$/SE/src/main/java/main/java/LoginServlet.java" beforeDir="false" />
      <change beforePath="$PROJECT_DIR$/SE/src/main/java/main/java/SignServlet.java" beforeDir="false" />
      <change beforePath="$PROJECT_DIR$/SE/src/main/webapp/AddProducts.jsp" beforeDir="false" afterPath="$PROJECT_DIR$/SE/src/AddProducts.jsp" afterDir="false" />
      <change beforePath="$PROJECT_DIR$/SE/src/main/webapp/Admin-Feedback.jsp" beforeDir="false" afterPath="$PROJECT_DIR$/SE/src/main/webapp/Admin-Feedback.jsp" afterDir="false" />
      <change beforePath="$PROJECT_DIR$/SE/src/main/webapp/Admin-Home.jsp" beforeDir="false" afterPath="$PROJECT_DIR$/SE/src/main/webapp/Admin-Home.jsp" afterDir="false" />
      <change beforePath="$PROJECT_DIR$/SE/src/main/webapp/Admin-Products.jsp" beforeDir="false" afterPath="$PROJECT_DIR$/SE/src/main/webapp/Admin-Products.jsp" afterDir="false" />
      <change beforePath="$PROJECT_DIR$/SE/src/main/webapp/Login-ex.jsp" beforeDir="false" afterPath="$PROJECT_DIR$/SE/src/main/webapp/Login-ex.jsp" afterDir="false" />
      <change beforePath="$PROJECT_DIR$/SE/src/main/webapp/Users.jsp" beforeDir="false" afterPath="$PROJECT_DIR$/SE/src/main/webapp/Users.jsp" afterDir="false" />
      <change beforePath="$PROJECT_DIR$/SE/src/main/webapp/WEB-INF/web.xml" beforeDir="false" afterPath="$PROJECT_DIR$/SE/src/main/webapp/WEB-INF/web.xml" afterDir="false" />
    </list>
    <option name="SHOW_DIALOG" value="false" />
    <option name="HIGHLIGHT_CONFLICTS" value="true" />
    <option name="HIGHLIGHT_NON_ACTIVE_CHANGELIST" value="false" />
    <option name="LAST_RESOLUTION" value="IGNORE" />
  </component>
  <component name="FileTemplateManagerImpl">
    <option name="RECENT_TEMPLATES">
      <list>
        <option value="module-info" />
        <option value="package-info" />
        <option value="Class" />
      </list>
    </option>
  </component>
  <component name="Git.Settings">
    <option name="RECENT_GIT_ROOT_PATH" value="$PROJECT_DIR$" />
  </component>
  <component name="LogFilters">
    <option name="FILTER_ERRORS" value="false" />
    <option name="FILTER_WARNINGS" value="false" />
    <option name="FILTER_INFO" value="true" />
    <option name="FILTER_DEBUG" value="true" />
    <option name="CUSTOM_FILTER" />
  </component>
  <component name="ProblemsViewState">
    <option name="selectedTabId" value="ProjectErrors" />
  </component>
  <component name="ProjectColorInfo">{
  &quot;associatedIndex&quot;: 5
}</component>
  <component name="ProjectId" id="2Zvv47flUCD7z6d6HwogcMFxDzW" />
  <component name="ProjectLevelVcsManager">
    <ConfirmationsSetting value="2" id="Add" />
  </component>
  <component name="ProjectViewState">
    <option name="flattenPackages" value="true" />
    <option name="hideEmptyMiddlePackages" value="true" />
    <option name="showLibraryContents" value="true" />
  </component>
  <component name="PropertiesComponent"><![CDATA[{
  "keyToString": {
    "ASKED_ADD_EXTERNAL_FILES": "true",
    "ASKED_SHARE_PROJECT_CONFIGURATION_FILES": "true",
    "RunOnceActivity.OpenProjectViewOnStart": "true",
    "RunOnceActivity.ShowReadmeOnStart": "true",
    "SHARE_PROJECT_CONFIGURATION_FILES": "true",
    "last_directory_selection": "C:/Users/User/Desktop/SEproject/SE/src/test/java/main/java/Email",
    "last_opened_file_path": "D:/ss",
    "project.structure.last.edited": "Libraries",
    "project.structure.proportion": "0.15",
    "project.structure.side.proportion": "0.2",
    "settings.editor.selected.configurable": "preferences.pluginManager"
  }
}]]></component>
  <component name="RecentsManager">
    <key name="MoveFile.RECENT_KEYS">
      <recent name="C:\Users\User\Desktop\SEproject\SE\src" />
      <recent name="C:\Users\User\Desktop\SEproject\SE\src\main\java" />
      <recent name="C:\Users\User\Desktop\SEproject\SE" />
      <recent name="C:\Users\User\Desktop\SEproject\SE\target" />
      <recent name="C:\Users\User\Desktop\SEproject\SE\src\main\java\main\java" />
    </key>
    <key name="MoveClassesOrPackagesDialog.RECENTS_KEY">
      <recent name="" />
      <recent name="main" />
    </key>
  </component>
  <component name="RunManager" selected="Smart Tomcat.Tomcat">
    <configuration name="EmailServlet" type="Application" factoryName="Application" temporary="true" nameIsGenerated="true">
      <option name="MAIN_CLASS_NAME" value="com.main.java.EmailServlet" />
      <module name="SE" />
      <method v="2">
        <option name="Make" enabled="true" />
      </method>
    </configuration>
    <configuration name="Tomcat" type="com.poratu.idea.plugins.tomcat">
      <predefined_log_file enabled="true" id="Tomcat Localhost Log" />
      <predefined_log_file enabled="true" id="Tomcat Access Log" />
      <predefined_log_file id="Tomcat Catalina Log" />
      <predefined_log_file id="Tomcat Manager Log" />
      <predefined_log_file id="Tomcat Host Manager Log" />
      <option name="catalinaBase" value="C:\Users\User\.SmartTomcat\SEproject\SE" />
      <option name="contextPath" value="/SE" />
      <option name="docBase" value="$PROJECT_DIR$/SE/src/main/webapp" />
      <option name="extraClassPath" value="" />
      <option name="tomcatInfo">
        <TomcatInfo>
          <option name="name" value="Apache Tomcat/9.0.83" />
          <option name="path" value="D:/apache-tomcat-9.0.83" />
          <option name="version" value="9.0.83.0" />
        </TomcatInfo>
      </option>
      <option name="vmOptions" value="" />
      <module name="SE" />
      <method v="2">
        <option name="Make" enabled="true" />
      </method>
    </configuration>
    <recent_temporary>
      <list>
        <item itemvalue="Application.EmailServlet" />
      </list>
    </recent_temporary>
  </component>
  <component name="SpellCheckerSettings" RuntimeDictionaries="0" Folders="0" CustomDictionaries="0" DefaultDictionary="application-level" UseSingleDictionary="true" transferred="true" />
  <component name="TaskManager">
    <task active="true" id="Default" summary="Default task">
      <changelist id="697932b9-cd2c-4f85-9927-f145261c5a97" name="Changes" comment="" />
      <created>1703315173824</created>
      <option name="number" value="Default" />
      <option name="presentableId" value="Default" />
      <updated>1703315173824</updated>
    </task>
    <task id="LOCAL-00001" summary="updated database">
      <option name="closed" value="true" />
      <created>1703316984341</created>
      <option name="number" value="00001" />
      <option name="presentableId" value="LOCAL-00001" />
      <option name="project" value="LOCAL" />
      <updated>1703316984341</updated>
    </task>
    <task id="LOCAL-00002" summary="Sign-up page updated">
      <option name="closed" value="true" />
      <created>1703485294765</created>
      <option name="number" value="00002" />
      <option name="presentableId" value="LOCAL-00002" />
      <option name="project" value="LOCAL" />
      <updated>1703485294765</updated>
    </task>
    <option name="localTasksCounter" value="3" />
    <servers />
  </component>
  <component name="VcsManagerConfiguration">
    <option name="ADD_EXTERNAL_FILES_SILENTLY" value="true" />
    <MESSAGE value="Updated" />
    <MESSAGE value="updated database" />
    <MESSAGE value="Sign-up page updated" />
    <option name="LAST_COMMIT_MESSAGE" value="Sign-up page updated" />
  </component>
</project>